SeqNo,年月,URL
1,201701,http://tcgmetro.blob.core.windows.net/stationod/%E8%87%BA%E5%8C%97%E6%8D%B7%E9%81%8B%E6%AF%8F%E6%97%A5%E5%88%86%E6%99%82%E5%90%84%E7%AB%99OD%E6%B5%81%E9%87%8F%E7%B5%B1%E8%A8%88%E8%B3%87%E6%96%99_201701.csv
2,201702,http://tcgmetro.blob.core.windows.net/stationod/%E8%87%BA%E5%8C%97%E6%8D%B7%E9%81%8B%E6%AF%8F%E6%97%A5%E5%88%86%E6%99%82%E5%90%84%E7%AB%99OD%E6%B5%81%E9%87%8F%E7%B5%B1%E8%A8%88%E8%B3%87%E6%96%99_201702.csv
3,201703,http://tcgmetro.blob.core.windows.net/stationod/%E8%87%BA%E5%8C%97%E6%8D%B7%E9%81%8B%E6%AF%8F%E6%97%A5%E5%88%86%E6%99%82%E5%90%84%E7%AB%99OD%E6%B5%81%E9%87%8F%E7%B5%B1%E8%A8%88%E8%B3%87%E6%96%99_201703.csv
4,201704,http://tcgmetro.blob.core.windows.net/stationod/%E8%87%BA%E5%8C%97%E6%8D%B7%E9%81%8B%E6%AF%8F%E6%97%A5%E5%88%86%E6%99%82%E5%90%84%E7%AB%99OD%E6%B5%81%E9%87%8F%E7%B5%B1%E8%A8%88%E8%B3%87%E6%96%99_201704.csv
5,201705,http://tcgmetro.blob.core.windows.net/stationod/%E8%87%BA%E5%8C%97%E6%8D%B7%E9%81%8B%E6%AF%8F%E6%97%A5%E5%88%86%E6%99%82%E5%90%84%E7%AB%99OD%E6%B5%81%E9%87%8F%E7%B5%B1%E8%A8%88%E8%B3%87%E6%96%99_201705.csv
6,201706,http://tcgmetro.blob.core.windows.net/stationod/%E8%87%BA%E5%8C%97%E6%8D%B7%E9%81%8B%E6%AF%8F%E6%97%A5%E5%88%86%E6%99%82%E5%90%84%E7%AB%99OD%E6%B5%81%E9%87%8F%E7%B5%B1%E8%A8%88%E8%B3%87%E6%96%99_201706.csv
7,201707,http://tcgmetro.blob.core.windows.net/stationod/%E8%87%BA%E5%8C%97%E6%8D%B7%E9%81%8B%E6%AF%8F%E6%97%A5%E5%88%86%E6%99%82%E5%90%84%E7%AB%99OD%E6%B5%81%E9%87%8F%E7%B5%B1%E8%A8%88%E8%B3%87%E6%96%99_201707.csv
8,201708,http://tcgmetro.blob.core.windows.net/stationod/%E8%87%BA%E5%8C%97%E6%8D%B7%E9%81%8B%E6%AF%8F%E6%97%A5%E5%88%86%E6%99%82%E5%90%84%E7%AB%99OD%E6%B5%81%E9%87%8F%E7%B5%B1%E8%A8%88%E8%B3%87%E6%96%99_201708.csv
9,201709,http://tcgmetro.blob.core.windows.net/stationod/%E8%87%BA%E5%8C%97%E6%8D%B7%E9%81%8B%E6%AF%8F%E6%97%A5%E5%88%86%E6%99%82%E5%90%84%E7%AB%99OD%E6%B5%81%E9%87%8F%E7%B5%B1%E8%A8%88%E8%B3%87%E6%96%99_201709.csv
10,201710,http://tcgmetro.blob.core.windows.net/stationod/%E8%87%BA%E5%8C%97%E6%8D%B7%E9%81%8B%E6%AF%8F%E6%97%A5%E5%88%86%E6%99%82%E5%90%84%E7%AB%99OD%E6%B5%81%E9%87%8F%E7%B5%B1%E8%A8%88%E8%B3%87%E6%96%99_201710.csv
11,201711,http://tcgmetro.blob.core.windows.net/stationod/%E8%87%BA%E5%8C%97%E6%8D%B7%E9%81%8B%E6%AF%8F%E6%97%A5%E5%88%86%E6%99%82%E5%90%84%E7%AB%99OD%E6%B5%81%E9%87%8F%E7%B5%B1%E8%A8%88%E8%B3%87%E6%96%99_201711.csv
12,201712,http://tcgmetro.blob.core.windows.net/stationod/%E8%87%BA%E5%8C%97%E6%8D%B7%E9%81%8B%E6%AF%8F%E6%97%A5%E5%88%86%E6%99%82%E5%90%84%E7%AB%99OD%E6%B5%81%E9%87%8F%E7%B5%B1%E8%A8%88%E8%B3%87%E6%96%99_201712.csv
13,201801,http://tcgmetro.blob.core.windows.net/stationod/%E8%87%BA%E5%8C%97%E6%8D%B7%E9%81%8B%E6%AF%8F%E6%97%A5%E5%88%86%E6%99%82%E5%90%84%E7%AB%99OD%E6%B5%81%E9%87%8F%E7%B5%B1%E8%A8%88%E8%B3%87%E6%96%99_201801.csv
14,201802,http://tcgmetro.blob.core.windows.net/stationod/%E8%87%BA%E5%8C%97%E6%8D%B7%E9%81%8B%E6%AF%8F%E6%97%A5%E5%88%86%E6%99%82%E5%90%84%E7%AB%99OD%E6%B5%81%E9%87%8F%E7%B5%B1%E8%A8%88%E8%B3%87%E6%96%99_201802.csv
15,201803,http://tcgmetro.blob.core.windows.net/stationod/%E8%87%BA%E5%8C%97%E6%8D%B7%E9%81%8B%E6%AF%8F%E6%97%A5%E5%88%86%E6%99%82%E5%90%84%E7%AB%99OD%E6%B5%81%E9%87%8F%E7%B5%B1%E8%A8%88%E8%B3%87%E6%96%99_201803.csv
16,201804,http://tcgmetro.blob.core.windows.net/stationod/%E8%87%BA%E5%8C%97%E6%8D%B7%E9%81%8B%E6%AF%8F%E6%97%A5%E5%88%86%E6%99%82%E5%90%84%E7%AB%99OD%E6%B5%81%E9%87%8F%E7%B5%B1%E8%A8%88%E8%B3%87%E6%96%99_201804.csv
17,201805,http://tcgmetro.blob.core.windows.net/stationod/%E8%87%BA%E5%8C%97%E6%8D%B7%E9%81%8B%E6%AF%8F%E6%97%A5%E5%88%86%E6%99%82%E5%90%84%E7%AB%99OD%E6%B5%81%E9%87%8F%E7%B5%B1%E8%A8%88%E8%B3%87%E6%96%99_201805.csv
18,201806,http://tcgmetro.blob.core.windows.net/stationod/%E8%87%BA%E5%8C%97%E6%8D%B7%E9%81%8B%E6%AF%8F%E6%97%A5%E5%88%86%E6%99%82%E5%90%84%E7%AB%99OD%E6%B5%81%E9%87%8F%E7%B5%B1%E8%A8%88%E8%B3%87%E6%96%99_201806.csv
19,201807,http://tcgmetro.blob.core.windows.net/stationod/%E8%87%BA%E5%8C%97%E6%8D%B7%E9%81%8B%E6%AF%8F%E6%97%A5%E5%88%86%E6%99%82%E5%90%84%E7%AB%99OD%E6%B5%81%E9%87%8F%E7%B5%B1%E8%A8%88%E8%B3%87%E6%96%99_201807.csv
20,201808,http://tcgmetro.blob.core.windows.net/stationod/%E8%87%BA%E5%8C%97%E6%8D%B7%E9%81%8B%E6%AF%8F%E6%97%A5%E5%88%86%E6%99%82%E5%90%84%E7%AB%99OD%E6%B5%81%E9%87%8F%E7%B5%B1%E8%A8%88%E8%B3%87%E6%96%99_201808.csv
21,201809,http://tcgmetro.blob.core.windows.net/stationod/%E8%87%BA%E5%8C%97%E6%8D%B7%E9%81%8B%E6%AF%8F%E6%97%A5%E5%88%86%E6%99%82%E5%90%84%E7%AB%99OD%E6%B5%81%E9%87%8F%E7%B5%B1%E8%A8%88%E8%B3%87%E6%96%99_201809.csv
22,201810,http://tcgmetro.blob.core.windows.net/stationod/%E8%87%BA%E5%8C%97%E6%8D%B7%E9%81%8B%E6%AF%8F%E6%97%A5%E5%88%86%E6%99%82%E5%90%84%E7%AB%99OD%E6%B5%81%E9%87%8F%E7%B5%B1%E8%A8%88%E8%B3%87%E6%96%99_201810.csv
23,201811,http://tcgmetro.blob.core.windows.net/stationod/%E8%87%BA%E5%8C%97%E6%8D%B7%E9%81%8B%E6%AF%8F%E6%97%A5%E5%88%86%E6%99%82%E5%90%84%E7%AB%99OD%E6%B5%81%E9%87%8F%E7%B5%B1%E8%A8%88%E8%B3%87%E6%96%99_201811.csv
24,201812,http://tcgmetro.blob.core.windows.net/stationod/%E8%87%BA%E5%8C%97%E6%8D%B7%E9%81%8B%E6%AF%8F%E6%97%A5%E5%88%86%E6%99%82%E5%90%84%E7%AB%99OD%E6%B5%81%E9%87%8F%E7%B5%B1%E8%A8%88%E8%B3%87%E6%96%99_201812.csv
25,201901,http://tcgmetro.blob.core.windows.net/stationod/%E8%87%BA%E5%8C%97%E6%8D%B7%E9%81%8B%E6%AF%8F%E6%97%A5%E5%88%86%E6%99%82%E5%90%84%E7%AB%99OD%E6%B5%81%E9%87%8F%E7%B5%B1%E8%A8%88%E8%B3%87%E6%96%99_201901.csv
26,201902,http://tcgmetro.blob.core.windows.net/stationod/%E8%87%BA%E5%8C%97%E6%8D%B7%E9%81%8B%E6%AF%8F%E6%97%A5%E5%88%86%E6%99%82%E5%90%84%E7%AB%99OD%E6%B5%81%E9%87%8F%E7%B5%B1%E8%A8%88%E8%B3%87%E6%96%99_201902.csv
27,201903,http://tcgmetro.blob.core.windows.net/stationod/%E8%87%BA%E5%8C%97%E6%8D%B7%E9%81%8B%E6%AF%8F%E6%97%A5%E5%88%86%E6%99%82%E5%90%84%E7%AB%99OD%E6%B5%81%E9%87%8F%E7%B5%B1%E8%A8%88%E8%B3%87%E6%96%99_201903.csv
28,201904,http://tcgmetro.blob.core.windows.net/stationod/%E8%87%BA%E5%8C%97%E6%8D%B7%E9%81%8B%E6%AF%8F%E6%97%A5%E5%88%86%E6%99%82%E5%90%84%E7%AB%99OD%E6%B5%81%E9%87%8F%E7%B5%B1%E8%A8%88%E8%B3%87%E6%96%99_201904.csv
29,201905,http://tcgmetro.blob.core.windows.net/stationod/%E8%87%BA%E5%8C%97%E6%8D%B7%E9%81%8B%E6%AF%8F%E6%97%A5%E5%88%86%E6%99%82%E5%90%84%E7%AB%99OD%E6%B5%81%E9%87%8F%E7%B5%B1%E8%A8%88%E8%B3%87%E6%96%99_201905.csv
30,201906,http://tcgmetro.blob.core.windows.net/stationod/%E8%87%BA%E5%8C%97%E6%8D%B7%E9%81%8B%E6%AF%8F%E6%97%A5%E5%88%86%E6%99%82%E5%90%84%E7%AB%99OD%E6%B5%81%E9%87%8F%E7%B5%B1%E8%A8%88%E8%B3%87%E6%96%99_201906.csv
31,201907,http://tcgmetro.blob.core.windows.net/stationod/%E8%87%BA%E5%8C%97%E6%8D%B7%E9%81%8B%E6%AF%8F%E6%97%A5%E5%88%86%E6%99%82%E5%90%84%E7%AB%99OD%E6%B5%81%E9%87%8F%E7%B5%B1%E8%A8%88%E8%B3%87%E6%96%99_201907.csv
32,201908,http://tcgmetro.blob.core.windows.net/stationod/%E8%87%BA%E5%8C%97%E6%8D%B7%E9%81%8B%E6%AF%8F%E6%97%A5%E5%88%86%E6%99%82%E5%90%84%E7%AB%99OD%E6%B5%81%E9%87%8F%E7%B5%B1%E8%A8%88%E8%B3%87%E6%96%99_201908.csv
33,201909,http://tcgmetro.blob.core.windows.net/stationod/%E8%87%BA%E5%8C%97%E6%8D%B7%E9%81%8B%E6%AF%8F%E6%97%A5%E5%88%86%E6%99%82%E5%90%84%E7%AB%99OD%E6%B5%81%E9%87%8F%E7%B5%B1%E8%A8%88%E8%B3%87%E6%96%99_201909.csv
34,201910,http://tcgmetro.blob.core.windows.net/stationod/%E8%87%BA%E5%8C%97%E6%8D%B7%E9%81%8B%E6%AF%8F%E6%97%A5%E5%88%86%E6%99%82%E5%90%84%E7%AB%99OD%E6%B5%81%E9%87%8F%E7%B5%B1%E8%A8%88%E8%B3%87%E6%96%99_201910.csv
35,201911,http://tcgmetro.blob.core.windows.net/stationod/%E8%87%BA%E5%8C%97%E6%8D%B7%E9%81%8B%E6%AF%8F%E6%97%A5%E5%88%86%E6%99%82%E5%90%84%E7%AB%99OD%E6%B5%81%E9%87%8F%E7%B5%B1%E8%A8%88%E8%B3%87%E6%96%99_201911.csv
36,201912,http://tcgmetro.blob.core.windows.net/stationod/%E8%87%BA%E5%8C%97%E6%8D%B7%E9%81%8B%E6%AF%8F%E6%97%A5%E5%88%86%E6%99%82%E5%90%84%E7%AB%99OD%E6%B5%81%E9%87%8F%E7%B5%B1%E8%A8%88%E8%B3%87%E6%96%99_201912.csv
37,202001,http://tcgmetro.blob.core.windows.net/stationod/%E8%87%BA%E5%8C%97%E6%8D%B7%E9%81%8B%E6%AF%8F%E6%97%A5%E5%88%86%E6%99%82%E5%90%84%E7%AB%99OD%E6%B5%81%E9%87%8F%E7%B5%B1%E8%A8%88%E8%B3%87%E6%96%99_202001.csv
38,202002,http://tcgmetro.blob.core.windows.net/stationod/%E8%87%BA%E5%8C%97%E6%8D%B7%E9%81%8B%E6%AF%8F%E6%97%A5%E5%88%86%E6%99%82%E5%90%84%E7%AB%99OD%E6%B5%81%E9%87%8F%E7%B5%B1%E8%A8%88%E8%B3%87%E6%96%99_202002.csv
39,202003,http://tcgmetro.blob.core.windows.net/stationod/%E8%87%BA%E5%8C%97%E6%8D%B7%E9%81%8B%E6%AF%8F%E6%97%A5%E5%88%86%E6%99%82%E5%90%84%E7%AB%99OD%E6%B5%81%E9%87%8F%E7%B5%B1%E8%A8%88%E8%B3%87%E6%96%99_202003.csv
40,202004,http://tcgmetro.blob.core.windows.net/stationod/%E8%87%BA%E5%8C%97%E6%8D%B7%E9%81%8B%E6%AF%8F%E6%97%A5%E5%88%86%E6%99%82%E5%90%84%E7%AB%99OD%E6%B5%81%E9%87%8F%E7%B5%B1%E8%A8%88%E8%B3%87%E6%96%99_202004.csv
41,202005,http://tcgmetro.blob.core.windows.net/stationod/%E8%87%BA%E5%8C%97%E6%8D%B7%E9%81%8B%E6%AF%8F%E6%97%A5%E5%88%86%E6%99%82%E5%90%84%E7%AB%99OD%E6%B5%81%E9%87%8F%E7%B5%B1%E8%A8%88%E8%B3%87%E6%96%99_202005.csv
42,202006,http://tcgmetro.blob.core.windows.net/stationod/%E8%87%BA%E5%8C%97%E6%8D%B7%E9%81%8B%E6%AF%8F%E6%97%A5%E5%88%86%E6%99%82%E5%90%84%E7%AB%99OD%E6%B5%81%E9%87%8F%E7%B5%B1%E8%A8%88%E8%B3%87%E6%96%99_202006.csv
43,202007,http://tcgmetro.blob.core.windows.net/stationod/%E8%87%BA%E5%8C%97%E6%8D%B7%E9%81%8B%E6%AF%8F%E6%97%A5%E5%88%86%E6%99%82%E5%90%84%E7%AB%99OD%E6%B5%81%E9%87%8F%E7%B5%B1%E8%A8%88%E8%B3%87%E6%96%99_202007.csv
44,202008,http://tcgmetro.blob.core.windows.net/stationod/%E8%87%BA%E5%8C%97%E6%8D%B7%E9%81%8B%E6%AF%8F%E6%97%A5%E5%88%86%E6%99%82%E5%90%84%E7%AB%99OD%E6%B5%81%E9%87%8F%E7%B5%B1%E8%A8%88%E8%B3%87%E6%96%99_202008.csv
45,202009,http://tcgmetro.blob.core.windows.net/stationod/%E8%87%BA%E5%8C%97%E6%8D%B7%E9%81%8B%E6%AF%8F%E6%97%A5%E5%88%86%E6%99%82%E5%90%84%E7%AB%99OD%E6%B5%81%E9%87%8F%E7%B5%B1%E8%A8%88%E8%B3%87%E6%96%99_202009.csv
46,202010,http://tcgmetro.blob.core.windows.net/stationod/%E8%87%BA%E5%8C%97%E6%8D%B7%E9%81%8B%E6%AF%8F%E6%97%A5%E5%88%86%E6%99%82%E5%90%84%E7%AB%99OD%E6%B5%81%E9%87%8F%E7%B5%B1%E8%A8%88%E8%B3%87%E6%96%99_202010.csv
47,202011,http://tcgmetro.blob.core.windows.net/stationod/%E8%87%BA%E5%8C%97%E6%8D%B7%E9%81%8B%E6%AF%8F%E6%97%A5%E5%88%86%E6%99%82%E5%90%84%E7%AB%99OD%E6%B5%81%E9%87%8F%E7%B5%B1%E8%A8%88%E8%B3%87%E6%96%99_202011.csv
48,202012,http://tcgmetro.blob.core.windows.net/stationod/%E8%87%BA%E5%8C%97%E6%8D%B7%E9%81%8B%E6%AF%8F%E6%97%A5%E5%88%86%E6%99%82%E5%90%84%E7%AB%99OD%E6%B5%81%E9%87%8F%E7%B5%B1%E8%A8%88%E8%B3%87%E6%96%99_202012.csv
49,202101,http://tcgmetro.blob.core.windows.net/stationod/%E8%87%BA%E5%8C%97%E6%8D%B7%E9%81%8B%E6%AF%8F%E6%97%A5%E5%88%86%E6%99%82%E5%90%84%E7%AB%99OD%E6%B5%81%E9%87%8F%E7%B5%B1%E8%A8%88%E8%B3%87%E6%96%99_202101.csv
50,202102,http://tcgmetro.blob.core.windows.net/stationod/%E8%87%BA%E5%8C%97%E6%8D%B7%E9%81%8B%E6%AF%8F%E6%97%A5%E5%88%86%E6%99%82%E5%90%84%E7%AB%99OD%E6%B5%81%E9%87%8F%E7%B5%B1%E8%A8%88%E8%B3%87%E6%96%99_202102.csv
51,202103,http://tcgmetro.blob.core.windows.net/stationod/%E8%87%BA%E5%8C%97%E6%8D%B7%E9%81%8B%E6%AF%8F%E6%97%A5%E5%88%86%E6%99%82%E5%90%84%E7%AB%99OD%E6%B5%81%E9%87%8F%E7%B5%B1%E8%A8%88%E8%B3%87%E6%96%99_202103.csv
52,202104,http://tcgmetro.blob.core.windows.net/stationod/%E8%87%BA%E5%8C%97%E6%8D%B7%E9%81%8B%E6%AF%8F%E6%97%A5%E5%88%86%E6%99%82%E5%90%84%E7%AB%99OD%E6%B5%81%E9%87%8F%E7%B5%B1%E8%A8%88%E8%B3%87%E6%96%99_202104.csv
53,202105,http://tcgmetro.blob.core.windows.net/stationod/%E8%87%BA%E5%8C%97%E6%8D%B7%E9%81%8B%E6%AF%8F%E6%97%A5%E5%88%86%E6%99%82%E5%90%84%E7%AB%99OD%E6%B5%81%E9%87%8F%E7%B5%B1%E8%A8%88%E8%B3%87%E6%96%99_202105.csv
54,202106,http://tcgmetro.blob.core.windows.net/stationod/%E8%87%BA%E5%8C%97%E6%8D%B7%E9%81%8B%E6%AF%8F%E6%97%A5%E5%88%86%E6%99%82%E5%90%84%E7%AB%99OD%E6%B5%81%E9%87%8F%E7%B5%B1%E8%A8%88%E8%B3%87%E6%96%99_202106.csv
55,202107,http://tcgmetro.blob.core.windows.net/stationod/%E8%87%BA%E5%8C%97%E6%8D%B7%E9%81%8B%E6%AF%8F%E6%97%A5%E5%88%86%E6%99%82%E5%90%84%E7%AB%99OD%E6%B5%81%E9%87%8F%E7%B5%B1%E8%A8%88%E8%B3%87%E6%96%99_202107.csv
56,202108,http://tcgmetro.blob.core.windows.net/stationod/%E8%87%BA%E5%8C%97%E6%8D%B7%E9%81%8B%E6%AF%8F%E6%97%A5%E5%88%86%E6%99%82%E5%90%84%E7%AB%99OD%E6%B5%81%E9%87%8F%E7%B5%B1%E8%A8%88%E8%B3%87%E6%96%99_202108.csv
57,202109,http://tcgmetro.blob.core.windows.net/stationod/%E8%87%BA%E5%8C%97%E6%8D%B7%E9%81%8B%E6%AF%8F%E6%97%A5%E5%88%86%E6%99%82%E5%90%84%E7%AB%99OD%E6%B5%81%E9%87%8F%E7%B5%B1%E8%A8%88%E8%B3%87%E6%96%99_202109.csv
58,202110,http://tcgmetro.blob.core.windows.net/stationod/%E8%87%BA%E5%8C%97%E6%8D%B7%E9%81%8B%E6%AF%8F%E6%97%A5%E5%88%86%E6%99%82%E5%90%84%E7%AB%99OD%E6%B5%81%E9%87%8F%E7%B5%B1%E8%A8%88%E8%B3%87%E6%96%99_202110.csv
59,202111,http://tcgmetro.blob.core.windows.net/stationod/%E8%87%BA%E5%8C%97%E6%8D%B7%E9%81%8B%E6%AF%8F%E6%97%A5%E5%88%86%E6%99%82%E5%90%84%E7%AB%99OD%E6%B5%81%E9%87%8F%E7%B5%B1%E8%A8%88%E8%B3%87%E6%96%99_202111.csv
60,202112,http://tcgmetro.blob.core.windows.net/stationod/%E8%87%BA%E5%8C%97%E6%8D%B7%E9%81%8B%E6%AF%8F%E6%97%A5%E5%88%86%E6%99%82%E5%90%84%E7%AB%99OD%E6%B5%81%E9%87%8F%E7%B5%B1%E8%A8%88%E8%B3%87%E6%96%99_202112.csv
61,202201,http://tcgmetro.blob.core.windows.net/stationod/%E8%87%BA%E5%8C%97%E6%8D%B7%E9%81%8B%E6%AF%8F%E6%97%A5%E5%88%86%E6%99%82%E5%90%84%E7%AB%99OD%E6%B5%81%E9%87%8F%E7%B5%B1%E8%A8%88%E8%B3%87%E6%96%99_202201.csv
62,202202,http://tcgmetro.blob.core.windows.net/stationod/%E8%87%BA%E5%8C%97%E6%8D%B7%E9%81%8B%E6%AF%8F%E6%97%A5%E5%88%86%E6%99%82%E5%90%84%E7%AB%99OD%E6%B5%81%E9%87%8F%E7%B5%B1%E8%A8%88%E8%B3%87%E6%96%99_202202.csv
63,202203,http://tcgmetro.blob.core.windows.net/stationod/%E8%87%BA%E5%8C%97%E6%8D%B7%E9%81%8B%E6%AF%8F%E6%97%A5%E5%88%86%E6%99%82%E5%90%84%E7%AB%99OD%E6%B5%81%E9%87%8F%E7%B5%B1%E8%A8%88%E8%B3%87%E6%96%99_202203.csv
64,202204,http://tcgmetro.blob.core.windows.net/stationod/%E8%87%BA%E5%8C%97%E6%8D%B7%E9%81%8B%E6%AF%8F%E6%97%A5%E5%88%86%E6%99%82%E5%90%84%E7%AB%99OD%E6%B5%81%E9%87%8F%E7%B5%B1%E8%A8%88%E8%B3%87%E6%96%99_202204.csv
65,202205,http://tcgmetro.blob.core.windows.net/stationod/%E8%87%BA%E5%8C%97%E6%8D%B7%E9%81%8B%E6%AF%8F%E6%97%A5%E5%88%86%E6%99%82%E5%90%84%E7%AB%99OD%E6%B5%81%E9%87%8F%E7%B5%B1%E8%A8%88%E8%B3%87%E6%96%99_202205.csv
66,202206,http://tcgmetro.blob.core.windows.net/stationod/%E8%87%BA%E5%8C%97%E6%8D%B7%E9%81%8B%E6%AF%8F%E6%97%A5%E5%88%86%E6%99%82%E5%90%84%E7%AB%99OD%E6%B5%81%E9%87%8F%E7%B5%B1%E8%A8%88%E8%B3%87%E6%96%99_202206.csv
67,202207,http://tcgmetro.blob.core.windows.net/stationod/%E8%87%BA%E5%8C%97%E6%8D%B7%E9%81%8B%E6%AF%8F%E6%97%A5%E5%88%86%E6%99%82%E5%90%84%E7%AB%99OD%E6%B5%81%E9%87%8F%E7%B5%B1%E8%A8%88%E8%B3%87%E6%96%99_202207.csv
68,202208,http://tcgmetro.blob.core.windows.net/stationod/%E8%87%BA%E5%8C%97%E6%8D%B7%E9%81%8B%E6%AF%8F%E6%97%A5%E5%88%86%E6%99%82%E5%90%84%E7%AB%99OD%E6%B5%81%E9%87%8F%E7%B5%B1%E8%A8%88%E8%B3%87%E6%96%99_202208.csv
69,202209,http://tcgmetro.blob.core.windows.net/stationod/%E8%87%BA%E5%8C%97%E6%8D%B7%E9%81%8B%E6%AF%8F%E6%97%A5%E5%88%86%E6%99%82%E5%90%84%E7%AB%99OD%E6%B5%81%E9%87%8F%E7%B5%B1%E8%A8%88%E8%B3%87%E6%96%99_202209.csv
70,202210,http://tcgmetro.blob.core.windows.net/stationod/%E8%87%BA%E5%8C%97%E6%8D%B7%E9%81%8B%E6%AF%8F%E6%97%A5%E5%88%86%E6%99%82%E5%90%84%E7%AB%99OD%E6%B5%81%E9%87%8F%E7%B5%B1%E8%A8%88%E8%B3%87%E6%96%99_202210.csv
71,202211,http://tcgmetro.blob.core.windows.net/stationod/%E8%87%BA%E5%8C%97%E6%8D%B7%E9%81%8B%E6%AF%8F%E6%97%A5%E5%88%86%E6%99%82%E5%90%84%E7%AB%99OD%E6%B5%81%E9%87%8F%E7%B5%B1%E8%A8%88%E8%B3%87%E6%96%99_202211.csv
72,202212,http://tcgmetro.blob.core.windows.net/stationod/%E8%87%BA%E5%8C%97%E6%8D%B7%E9%81%8B%E6%AF%8F%E6%97%A5%E5%88%86%E6%99%82%E5%90%84%E7%AB%99OD%E6%B5%81%E9%87%8F%E7%B5%B1%E8%A8%88%E8%B3%87%E6%96%99_202212.csv
73,202301,http://tcgmetro.blob.core.windows.net/stationod/%E8%87%BA%E5%8C%97%E6%8D%B7%E9%81%8B%E6%AF%8F%E6%97%A5%E5%88%86%E6%99%82%E5%90%84%E7%AB%99OD%E6%B5%81%E9%87%8F%E7%B5%B1%E8%A8%88%E8%B3%87%E6%96%99_202301.csv
74,202302,http://tcgmetro.blob.core.windows.net/stationod/%E8%87%BA%E5%8C%97%E6%8D%B7%E9%81%8B%E6%AF%8F%E6%97%A5%E5%88%86%E6%99%82%E5%90%84%E7%AB%99OD%E6%B5%81%E9%87%8F%E7%B5%B1%E8%A8%88%E8%B3%87%E6%96%99_202302.csv
75,202303,http://tcgmetro.blob.core.windows.net/stationod/%E8%87%BA%E5%8C%97%E6%8D%B7%E9%81%8B%E6%AF%8F%E6%97%A5%E5%88%86%E6%99%82%E5%90%84%E7%AB%99OD%E6%B5%81%E9%87%8F%E7%B5%B1%E8%A8%88%E8%B3%87%E6%96%99_202303.csv
76,202304,http://tcgmetro.blob.core.windows.net/stationod/%E8%87%BA%E5%8C%97%E6%8D%B7%E9%81%8B%E6%AF%8F%E6%97%A5%E5%88%86%E6%99%82%E5%90%84%E7%AB%99OD%E6%B5%81%E9%87%8F%E7%B5%B1%E8%A8%88%E8%B3%87%E6%96%99_202304.csv
77,202305,http://tcgmetro.blob.core.windows.net/stationod/%E8%87%BA%E5%8C%97%E6%8D%B7%E9%81%8B%E6%AF%8F%E6%97%A5%E5%88%86%E6%99%82%E5%90%84%E7%AB%99OD%E6%B5%81%E9%87%8F%E7%B5%B1%E8%A8%88%E8%B3%87%E6%96%99_202305.csv
78,202306,http://tcgmetro.blob.core.windows.net/stationod/%E8%87%BA%E5%8C%97%E6%8D%B7%E9%81%8B%E6%AF%8F%E6%97%A5%E5%88%86%E6%99%82%E5%90%84%E7%AB%99OD%E6%B5%81%E9%87%8F%E7%B5%B1%E8%A8%88%E8%B3%87%E6%96%99_202306.csv
79,202307,http://tcgmetro.blob.core.windows.net/stationod/%E8%87%BA%E5%8C%97%E6%8D%B7%E9%81%8B%E6%AF%8F%E6%97%A5%E5%88%86%E6%99%82%E5%90%84%E7%AB%99OD%E6%B5%81%E9%87%8F%E7%B5%B1%E8%A8%88%E8%B3%87%E6%96%99_202307.csv
80,202308,http://tcgmetro.blob.core.windows.net/stationod/%E8%87%BA%E5%8C%97%E6%8D%B7%E9%81%8B%E6%AF%8F%E6%97%A5%E5%88%86%E6%99%82%E5%90%84%E7%AB%99OD%E6%B5%81%E9%87%8F%E7%B5%B1%E8%A8%88%E8%B3%87%E6%96%99_202308.csv
81,202309,http://tcgmetro.blob.core.windows.net/stationod/%E8%87%BA%E5%8C%97%E6%8D%B7%E9%81%8B%E6%AF%8F%E6%97%A5%E5%88%86%E6%99%82%E5%90%84%E7%AB%99OD%E6%B5%81%E9%87%8F%E7%B5%B1%E8%A8%88%E8%B3%87%E6%96%99_202309.csv
82,202310,http://tcgmetro.blob.core.windows.net/stationod/%E8%87%BA%E5%8C%97%E6%8D%B7%E9%81%8B%E6%AF%8F%E6%97%A5%E5%88%86%E6%99%82%E5%90%84%E7%AB%99OD%E6%B5%81%E9%87%8F%E7%B5%B1%E8%A8%88%E8%B3%87%E6%96%99_202310.csv
83,202311,http://tcgmetro.blob.core.windows.net/stationod/%E8%87%BA%E5%8C%97%E6%8D%B7%E9%81%8B%E6%AF%8F%E6%97%A5%E5%88%86%E6%99%82%E5%90%84%E7%AB%99OD%E6%B5%81%E9%87%8F%E7%B5%B1%E8%A8%88%E8%B3%87%E6%96%99_202311.csv
84,202312,http://tcgmetro.blob.core.windows.net/stationod/%E8%87%BA%E5%8C%97%E6%8D%B7%E9%81%8B%E6%AF%8F%E6%97%A5%E5%88%86%E6%99%82%E5%90%84%E7%AB%99OD%E6%B5%81%E9%87%8F%E7%B5%B1%E8%A8%88%E8%B3%87%E6%96%99_202312.csv
85,202401,http://tcgmetro.blob.core.windows.net/stationod/%E8%87%BA%E5%8C%97%E6%8D%B7%E9%81%8B%E6%AF%8F%E6%97%A5%E5%88%86%E6%99%82%E5%90%84%E7%AB%99OD%E6%B5%81%E9%87%8F%E7%B5%B1%E8%A8%88%E8%B3%87%E6%96%99_202401.csv
86,202402,http://tcgmetro.blob.core.windows.net/stationod/%E8%87%BA%E5%8C%97%E6%8D%B7%E9%81%8B%E6%AF%8F%E6%97%A5%E5%88%86%E6%99%82%E5%90%84%E7%AB%99OD%E6%B5%81%E9%87%8F%E7%B5%B1%E8%A8%88%E8%B3%87%E6%96%99_202402.csv
87,202403,http://tcgmetro.blob.core.windows.net/stationod/%E8%87%BA%E5%8C%97%E6%8D%B7%E9%81%8B%E6%AF%8F%E6%97%A5%E5%88%86%E6%99%82%E5%90%84%E7%AB%99OD%E6%B5%81%E9%87%8F%E7%B5%B1%E8%A8%88%E8%B3%87%E6%96%99_202403.csv